name	probe_name	x	y	z	hemisphere	impedance	shank_id	location
e000	Device	n/a	n/a	n/a	n/a	n/a	Group 4	n/a
e001	Device	n/a	n/a	n/a	n/a	n/a	Group 4	n/a
e002	Device	n/a	n/a	n/a	n/a	n/a	Group 4	n/a
e003	Device	n/a	n/a	n/a	n/a	n/a	Group 4	n/a
e004	Device	n/a	n/a	n/a	n/a	n/a	Group 4	n/a
e005	Device	n/a	n/a	n/a	n/a	n/a	Group 4	n/a
e006	Device	n/a	n/a	n/a	n/a	n/a	Group 4	n/a
e007	Device	n/a	n/a	n/a	n/a	n/a	Group 4	n/a
e008	Device	n/a	n/a	n/a	n/a	n/a	Group 4	n/a
e009	Device	n/a	n/a	n/a	n/a	n/a	Group 4	n/a
e010	Device	n/a	n/a	n/a	n/a	n/a	Group 4	n/a
e011	Device	n/a	n/a	n/a	n/a	n/a	Group 4	n/a
e012	Device	n/a	n/a	n/a	n/a	n/a	Group 4	n/a
e013	Device	n/a	n/a	n/a	n/a	n/a	Group 4	n/a
e014	Device	n/a	n/a	n/a	n/a	n/a	Group 4	n/a
e015	Device	n/a	n/a	n/a	n/a	n/a	Group 4	n/a
e016	Device	n/a	n/a	n/a	n/a	n/a	Group 2	n/a
e017	Device	n/a	n/a	n/a	n/a	n/a	Group 2	n/a
e018	Device	n/a	n/a	n/a	n/a	n/a	Group 2	n/a
e019	Device	n/a	n/a	n/a	n/a	n/a	Group 2	n/a
e020	Device	n/a	n/a	n/a	n/a	n/a	Group 2	n/a
e021	Device	n/a	n/a	n/a	n/a	n/a	Group 2	n/a
e022	Device	n/a	n/a	n/a	n/a	n/a	Group 2	n/a
e023	Device	n/a	n/a	n/a	n/a	n/a	Group 2	n/a
e024	Device	n/a	n/a	n/a	n/a	n/a	Group 2	n/a
e025	Device	n/a	n/a	n/a	n/a	n/a	Group 2	n/a
e026	Device	n/a	n/a	n/a	n/a	n/a	Group 2	n/a
e027	Device	n/a	n/a	n/a	n/a	n/a	Group 2	n/a
e028	Device	n/a	n/a	n/a	n/a	n/a	Group 2	n/a
e029	Device	n/a	n/a	n/a	n/a	n/a	Group 2	n/a
e030	Device	n/a	n/a	n/a	n/a	n/a	Group 2	n/a
e031	Device	n/a	n/a	n/a	n/a	n/a	Group 2	n/a
e032	Device	n/a	n/a	n/a	n/a	n/a	Group 1	n/a
e033	Device	n/a	n/a	n/a	n/a	n/a	Group 1	n/a
e034	Device	n/a	n/a	n/a	n/a	n/a	Group 1	n/a
e035	Device	n/a	n/a	n/a	n/a	n/a	Group 1	n/a
e036	Device	n/a	n/a	n/a	n/a	n/a	Group 1	n/a
e037	Device	n/a	n/a	n/a	n/a	n/a	Group 1	n/a
e038	Device	n/a	n/a	n/a	n/a	n/a	Group 1	n/a
e039	Device	n/a	n/a	n/a	n/a	n/a	Group 1	n/a
e040	Device	n/a	n/a	n/a	n/a	n/a	Group 1	n/a
e041	Device	n/a	n/a	n/a	n/a	n/a	Group 1	n/a
e042	Device	n/a	n/a	n/a	n/a	n/a	Group 1	n/a
e043	Device	n/a	n/a	n/a	n/a	n/a	Group 1	n/a
e044	Device	n/a	n/a	n/a	n/a	n/a	Group 1	n/a
e045	Device	n/a	n/a	n/a	n/a	n/a	Group 1	n/a
e046	Device	n/a	n/a	n/a	n/a	n/a	Group 1	n/a
e047	Device	n/a	n/a	n/a	n/a	n/a	Group 1	n/a
e048	Device	n/a	n/a	n/a	n/a	n/a	Group 3	n/a
e049	Device	n/a	n/a	n/a	n/a	n/a	Group 3	n/a
e050	Device	n/a	n/a	n/a	n/a	n/a	Group 3	n/a
e051	Device	n/a	n/a	n/a	n/a	n/a	Group 3	n/a
e052	Device	n/a	n/a	n/a	n/a	n/a	Group 3	n/a
e053	Device	n/a	n/a	n/a	n/a	n/a	Group 3	n/a
e054	Device	n/a	n/a	n/a	n/a	n/a	Group 3	n/a
e055	Device	n/a	n/a	n/a	n/a	n/a	Group 3	n/a
e056	Device	n/a	n/a	n/a	n/a	n/a	Group 3	n/a
e057	Device	n/a	n/a	n/a	n/a	n/a	Group 3	n/a
e058	Device	n/a	n/a	n/a	n/a	n/a	Group 3	n/a
e059	Device	n/a	n/a	n/a	n/a	n/a	Group 3	n/a
e060	Device	n/a	n/a	n/a	n/a	n/a	Group 3	n/a
e061	Device	n/a	n/a	n/a	n/a	n/a	Group 3	n/a
e062	Device	n/a	n/a	n/a	n/a	n/a	Group 3	n/a
e063	Device	n/a	n/a	n/a	n/a	n/a	Group 3	n/a
e064	Device	n/a	n/a	n/a	n/a	n/a	Group 5	n/a
e065	Device	n/a	n/a	n/a	n/a	n/a	Group 5	n/a
e066	Device	n/a	n/a	n/a	n/a	n/a	Group 5	n/a
e067	Device	n/a	n/a	n/a	n/a	n/a	Group 5	n/a
e068	Device	n/a	n/a	n/a	n/a	n/a	Group 5	n/a
e069	Device	n/a	n/a	n/a	n/a	n/a	Group 5	n/a
e070	Device	n/a	n/a	n/a	n/a	n/a	Group 5	n/a
e071	Device	n/a	n/a	n/a	n/a	n/a	Group 5	n/a
e072	Device	n/a	n/a	n/a	n/a	n/a	Group 5	n/a
e073	Device	n/a	n/a	n/a	n/a	n/a	Group 5	n/a
e074	Device	n/a	n/a	n/a	n/a	n/a	Group 5	n/a
e075	Device	n/a	n/a	n/a	n/a	n/a	Group 5	n/a
e076	Device	n/a	n/a	n/a	n/a	n/a	Group 5	n/a
e077	Device	n/a	n/a	n/a	n/a	n/a	Group 5	n/a
e078	Device	n/a	n/a	n/a	n/a	n/a	Group 5	n/a
e079	Device	n/a	n/a	n/a	n/a	n/a	Group 5	n/a
e080	Device	n/a	n/a	n/a	n/a	n/a	Group 7	n/a
e081	Device	n/a	n/a	n/a	n/a	n/a	Group 7	n/a
e082	Device	n/a	n/a	n/a	n/a	n/a	Group 7	n/a
e083	Device	n/a	n/a	n/a	n/a	n/a	Group 7	n/a
e084	Device	n/a	n/a	n/a	n/a	n/a	Group 7	n/a
e085	Device	n/a	n/a	n/a	n/a	n/a	Group 7	n/a
e086	Device	n/a	n/a	n/a	n/a	n/a	Group 7	n/a
e087	Device	n/a	n/a	n/a	n/a	n/a	Group 7	n/a
e088	Device	n/a	n/a	n/a	n/a	n/a	Group 7	n/a
e089	Device	n/a	n/a	n/a	n/a	n/a	Group 7	n/a
e090	Device	n/a	n/a	n/a	n/a	n/a	Group 7	n/a
e091	Device	n/a	n/a	n/a	n/a	n/a	Group 7	n/a
e092	Device	n/a	n/a	n/a	n/a	n/a	Group 7	n/a
e093	Device	n/a	n/a	n/a	n/a	n/a	Group 7	n/a
e094	Device	n/a	n/a	n/a	n/a	n/a	Group 7	n/a
e095	Device	n/a	n/a	n/a	n/a	n/a	Group 7	n/a
e096	Device	n/a	n/a	n/a	n/a	n/a	Group 8	n/a
e097	Device	n/a	n/a	n/a	n/a	n/a	Group 8	n/a
e098	Device	n/a	n/a	n/a	n/a	n/a	Group 8	n/a
e099	Device	n/a	n/a	n/a	n/a	n/a	Group 8	n/a
e100	Device	n/a	n/a	n/a	n/a	n/a	Group 8	n/a
e101	Device	n/a	n/a	n/a	n/a	n/a	Group 8	n/a
e102	Device	n/a	n/a	n/a	n/a	n/a	Group 8	n/a
e103	Device	n/a	n/a	n/a	n/a	n/a	Group 8	n/a
e104	Device	n/a	n/a	n/a	n/a	n/a	Group 8	n/a
e105	Device	n/a	n/a	n/a	n/a	n/a	Group 8	n/a
e106	Device	n/a	n/a	n/a	n/a	n/a	Group 8	n/a
e107	Device	n/a	n/a	n/a	n/a	n/a	Group 8	n/a
e108	Device	n/a	n/a	n/a	n/a	n/a	Group 8	n/a
e109	Device	n/a	n/a	n/a	n/a	n/a	Group 8	n/a
e110	Device	n/a	n/a	n/a	n/a	n/a	Group 8	n/a
e111	Device	n/a	n/a	n/a	n/a	n/a	Group 8	n/a
e112	Device	n/a	n/a	n/a	n/a	n/a	Group 6	n/a
e113	Device	n/a	n/a	n/a	n/a	n/a	Group 6	n/a
e114	Device	n/a	n/a	n/a	n/a	n/a	Group 6	n/a
e115	Device	n/a	n/a	n/a	n/a	n/a	Group 6	n/a
e116	Device	n/a	n/a	n/a	n/a	n/a	Group 6	n/a
e117	Device	n/a	n/a	n/a	n/a	n/a	Group 6	n/a
e118	Device	n/a	n/a	n/a	n/a	n/a	Group 6	n/a
e119	Device	n/a	n/a	n/a	n/a	n/a	Group 6	n/a
e120	Device	n/a	n/a	n/a	n/a	n/a	Group 6	n/a
e121	Device	n/a	n/a	n/a	n/a	n/a	Group 6	n/a
e122	Device	n/a	n/a	n/a	n/a	n/a	Group 6	n/a
e123	Device	n/a	n/a	n/a	n/a	n/a	Group 6	n/a
e124	Device	n/a	n/a	n/a	n/a	n/a	Group 6	n/a
e125	Device	n/a	n/a	n/a	n/a	n/a	Group 6	n/a
e126	Device	n/a	n/a	n/a	n/a	n/a	Group 6	n/a
e127	Device	n/a	n/a	n/a	n/a	n/a	Group 6	n/a
